epoch,d_loss,g_loss_total,g_adv_raw,surrogate_cm_raw,surrogate_cl_raw,surrogate_raw,g_adv_weighted,surrogate_weighted,real_score,fake_score,grad_norm,w_adv,w_surrogate
0,0.09775663597026357,-0.022690597843999665,-0.022690597843999665,0.0,0.0,0.0,-0.022690597843999665,0.0,0.1673328391358222,0.042166897773966885,0.9747327814752489,1.0,0.0
1,-0.1661887638155877,-0.6017278797556589,-0.6017278797556589,0.0,0.0,0.0,-0.6017278797556589,0.0,0.8140477580420765,0.6377712679957902,1.0073603900126469,1.0,0.0
2,-0.1482831108165376,-1.0211037380827799,-1.0211037380827799,0.0,0.0,0.0,-1.0211037380827799,0.0,1.2128957865782726,1.0572712588457414,1.0066466458785681,1.0,0.0
3,-0.13410471375617716,-1.276150311768791,-1.276150311768791,0.0,0.0,0.0,-1.276150311768791,0.0,1.449981059704298,1.3106936933081828,1.006195733834196,1.0,0.0
4,-0.12715092841535808,-1.4347844418184257,-1.4347844418184257,0.0,0.0,0.0,-1.4347844418184257,0.0,1.59251139767376,1.4613122402885814,1.0058764741008663,1.0,0.0
5,-0.12043608272287212,-1.546266704061885,-1.546266704061885,0.0,0.0,0.0,-1.546266704061885,0.0,1.6953177756733364,1.5715821596575372,1.0056290891803341,1.0,0.0
6,-0.11413884623505083,-1.5899830184600972,-1.5899830184600972,0.0,0.0,0.0,-1.5899830184600972,0.0,1.7273207408410531,1.6104245510366229,1.005367453267545,1.0,0.0
7,-0.10748091196342383,-1.5906122348926686,-1.5906122348926686,0.0,0.0,0.0,-1.5906122348926686,0.0,1.7196136309040917,1.6097308853526173,1.005164548681106,1.0,0.0
8,-0.10302349131232426,-1.6007169775756789,-1.6007169775756789,0.0,0.0,0.0,-1.6007169775756789,0.0,1.7229740744019733,1.6178491614483022,1.0050105460999925,1.0,0.0
9,-0.10075084641345858,-1.596479990600068,-1.596479990600068,0.0,0.0,0.0,-1.596479990600068,0.0,1.7153225828100134,1.6127821923773966,1.0049047828824431,1.0,0.0
10,-0.0997377928254413,-1.6977545335704898,-1.6977545335704898,0.0,0.0,0.0,-1.6977545335704898,0.0,1.8109502194104372,1.7096314226403648,1.004830585659286,1.0,0.0
11,-0.0994302917662778,-1.7008958885699144,-1.7008958885699144,0.0,0.0,0.0,-1.7008958885699144,0.0,1.8118454986148411,1.7109103565598711,1.0047939116940086,1.0,0.0
12,-0.09840970032698947,-1.6947863304320676,-1.6947863304320676,0.0,0.0,0.0,-1.6947863304320676,0.0,1.8032734989384074,1.7033685365576803,1.0047695289423437,1.0,0.0
13,-0.09758445225242111,-1.6236277318295138,-1.6236277318295138,0.0,0.0,0.0,-1.6236277318295138,0.0,1.7315894162949221,1.6326416771353027,1.004707869556215,1.0,0.0
14,-0.09661133162631297,-1.4839117740407402,-1.4839117740407402,0.0,0.0,0.0,-1.4839117740407402,0.0,1.5900426418692977,1.49194677354377,1.004757355797438,1.0,0.0
15,-0.09551737177657124,-1.5353146364659438,-1.5353146364659438,0.0,0.0,0.0,-1.5353146364659438,0.0,1.6377297437485354,1.5407519478856782,1.00468886980304,1.0,0.0
16,-0.09466865035808748,-1.4301584683082722,-1.4301584683082722,0.0,0.0,0.0,-1.4301584683082722,0.0,1.534459271180777,1.4384054793251886,1.0046608353838509,1.0,0.0
17,-0.094069260287524,-1.2572597338829512,-1.2572597338829512,0.0,0.0,0.0,-1.2572597338829512,0.0,1.3588044851650427,1.2633907310020775,1.0046684589650896,1.0,0.0
18,-0.09366081555684408,-1.2771322131156921,-1.2771322131156921,0.0,0.0,0.0,-1.2771322131156921,0.0,1.3782984659259703,1.2833364579044741,1.0046456569874729,1.0,0.0
19,-0.09336796499282858,-1.1781014399028118,-1.1781014399028118,0.0,0.0,0.0,-1.1781014399028118,0.0,1.2791630572742887,1.1844743607956687,1.004652992957904,1.0,0.0
20,-0.0935591962510421,-1.2617359871481673,-1.2617359871481673,0.0,0.0,0.0,-1.2617359871481673,0.0,1.365212928071434,1.2703712939480205,1.0046469135048948,1.0,0.0
21,-0.09365224542993086,-1.2664420788670763,-1.2664420788670763,0.0,0.0,0.0,-1.2664420788670763,0.0,1.3635038988825716,1.2685761279162064,1.0046794990698495,1.0,0.0
22,-0.09358775496574831,-1.2603565406652144,-1.2603565406652144,0.0,0.0,0.0,-1.2603565406652144,0.0,1.35955859820048,1.2647841656281624,1.0046475715107388,1.0,0.0
23,-0.09365600960582127,-1.323200460937288,-1.323200460937288,0.0,0.0,0.0,-1.323200460937288,0.0,1.4230268587300807,1.3281825163482148,1.0046309806682445,1.0,0.0
24,-0.09383789439812118,-1.3059020572238498,-1.3059020572238498,0.0,0.0,0.0,-1.3059020572238498,0.0,1.4061496988490776,1.3111459960172205,1.0046538567101513,1.0,0.0
25,-0.0937199283345246,-1.2285562163149868,-1.2285562163149868,0.0,0.0,0.0,-1.2285562163149868,0.0,1.3271608277603433,1.2322520121380134,1.0046416717914888,1.0,0.0
26,-0.09384331046891066,-1.2153507982507163,-1.2153507982507163,0.0,0.0,0.0,-1.2153507982507163,0.0,1.3150403919043365,1.2200258882325372,1.0046469961051587,1.0,0.0
27,-0.09382667337532764,-1.1739601064243435,-1.1739601064243435,0.0,0.0,0.0,-1.1739601064243435,0.0,1.2730399518101303,1.178021961045854,1.0046638583695446,1.0,0.0
28,-0.09383400066261306,-1.1689529485172696,-1.1689529485172696,0.0,0.0,0.0,-1.1689529485172696,0.0,1.268684262846723,1.173656361044189,1.0046601193922537,1.0,0.0
29,-0.09367355227838328,-1.1392517904808492,-1.1392517904808492,0.0,0.0,0.0,-1.1392517904808492,0.0,1.2350441245017227,1.140195980336931,1.0046527183350222,1.0,0.0
30,-0.09361076384184905,-1.1266083308943995,-1.1266083308943995,0.0,0.0,0.0,-1.1266083308943995,0.0,1.226804432493669,1.1318436567062213,1.0047258121731841,1.0,0.0
31,-0.09183101125613406,-1.6064137137598462,-1.6064137137598462,0.0,0.0,0.0,-1.6064137137598462,0.0,1.7049106119223583,1.6111287128778151,1.0047937208487663,1.0,0.0
32,-0.09229933557411035,-1.8041487104362912,-1.8041487104362912,0.0,0.0,0.0,-1.8041487104362912,0.0,1.9030910884892498,1.8091951385692313,1.0046435273355907,1.0,0.0
33,-0.09257835495619127,-1.818435057077879,-1.818435057077879,0.0,0.0,0.0,-1.818435057077879,0.0,1.917574245915001,1.823480361773644,1.0046218026567388,1.0,0.0
34,-0.09318125898041475,-1.9762739450843245,-1.9762739450843245,0.0,0.0,0.0,-1.9762739450843245,0.0,2.0752639994209194,1.980674919302081,1.0046330569334971,1.0,0.0
35,-0.09316970680460886,-1.9889353108994754,-1.9889353108994754,0.0,0.0,0.0,-1.9889353108994754,0.0,2.0884998540083566,1.9939370037596902,1.0046292792131872,1.0,0.0
36,-0.09308714456396339,-2.080629262291355,-2.080629262291355,0.0,0.0,0.0,-2.080629262291355,0.0,2.1780044785252324,2.0835344133553684,1.004640018756007,1.0,0.0
37,-0.09310648723470943,-2.1225283241566317,-2.1225283241566317,0.0,0.0,0.0,-2.1225283241566317,0.0,2.2199957100697505,2.1255560409139704,1.0046293233279828,1.0,0.0
38,-0.09294743748312748,-2.2142128160706274,-2.2142128160706274,0.0,0.0,0.0,-2.2142128160706274,0.0,2.3104944317429155,2.2162441857803015,1.004624177975419,1.0,0.0
39,-0.09299185429182318,-2.168903487332073,-2.168903487332073,0.0,0.0,0.0,-2.168903487332073,0.0,2.267104133264518,2.172836794235088,1.0046410512409092,1.0,0.0
40,-0.12822655203901692,-2.3464246848483143,-2.6583574061040527,0.03505439189101719,0.04221424128411821,0.19637908006983776,-2.5918985332971736,0.24547385028850885,2.7892349194597315,2.6574334188008013,1.005859163992199,0.975,1.25
41,-0.14176246373005855,-2.778505264976878,-3.162593862892669,0.015586132443808938,0.024905772024570148,0.09038354848500019,-3.0044641296068826,0.22595887104578224,3.3115775255509363,3.1647041060306407,1.006450840242115,0.95,2.5
42,-0.1582441854670092,-2.4495479663213096,-2.9145070446862116,0.0112323086790706,0.019074824963477843,0.06569895578295361,-2.695919047167272,0.2463710841803271,3.0795497622018977,2.916084087778021,1.0071861959901858,0.925,3.75
43,-0.1673012181840561,-2.1443084794798013,-2.687032958607615,0.009427826618775725,0.015330186353731946,0.054804226429558095,-2.4183296112366666,0.27402113127395694,2.862512199819824,2.6897260227321107,1.0076970514323977,0.9,5.0
44,-0.17910605152540002,-1.987588334598659,-2.6032445585286177,0.007885476748565396,0.014025442946104355,0.0464401052126454,-2.277838991747962,0.29025065841406217,2.7880020000316477,2.6029836400055593,1.0082973683321919,0.875,6.25
45,-0.18379359144809437,-1.8847129024841167,-2.583647510887664,0.007083608646716141,0.012200590179957173,0.04151833839254615,-2.196100445073328,0.3113875385649778,2.7707365137559394,2.581413228865023,1.008515857141695,0.85,7.5
46,-0.18958082306716179,-1.6533357994056042,-2.4143742860099415,0.00653233625466165,0.012053313173560632,0.03868833788739586,-1.9918587568365498,0.33852295641913827,2.6095334276740934,2.4140108458789777,1.0089253581232496,0.825,8.75
47,-0.19596716382621246,-1.3595088242012778,-2.1487792951089366,0.006099815461008499,0.010904772322119019,0.03595146334178194,-1.7190234616950706,0.3595146344123799,2.3478857117670553,2.1460669052453687,1.0092449041060458,0.8,10.0
48,-0.20029104751661236,-1.1033392491531961,-1.9130961711024062,0.005659997467537997,0.010832956290004752,0.0337164655563502,-1.482649487109832,0.3793102377726708,2.1203271710578306,1.914387568647479,1.0094853456741497,0.775,11.25
49,-0.20963403911870204,-0.8566424202771834,-1.6567868755923376,0.0051822202983685985,0.009929435510176844,0.030875819217827585,-1.2425901588098502,0.38594773991240394,1.8687821132901274,1.6530214965343475,1.0099837617373761,0.75,12.5
50,-0.21468823419216973,-0.6572137375672659,-1.4809808569189944,0.005115159757774507,0.009429845442983932,0.03029072145431268,-1.0737111575809526,0.4164974196687525,1.7071532047825095,1.485560467876034,1.0102258239631299,0.725,13.750000000000002
51,-0.21798803938299785,-0.578071577957383,-1.4338503498354076,0.004783430616773757,0.008915513996063605,0.028374910136155874,-1.0036952272977357,0.4256236516399148,1.660978568409696,1.4361332811691143,1.010397454250006,0.7,15.0
52,-0.2241910390049955,-0.47721391999059254,-1.350580890605479,0.0044732992030697425,0.008735093646711543,0.02673404284660923,-0.9116421170808651,0.4344281966763514,1.579565993135358,1.3484340452485615,1.0107419848442079,0.675,16.25
53,-0.22997949275153654,-0.4241665203446223,-1.3327986976982635,0.004228203139917488,0.008249694342081101,0.025265862876376895,-0.8663191202981972,0.44215259976960997,1.5639645601496284,1.326980502590721,1.0109798428820975,0.65,17.5
54,-0.23367954344477182,-0.2477702768864455,-1.1535080310739116,0.004214116087597277,0.008330545450681475,0.0252358530961368,-0.7209425220886866,0.4731722456161623,1.3944972930866995,1.1541348450345759,1.011286797678029,0.625,18.75
55,-0.2411257990716416,-0.08954435876674122,-0.946075380768305,0.004003314399821569,0.0077769455232623,0.023905044668756516,-0.5676452525787883,0.47810089376605586,1.1962434654250558,0.9481312383104253,1.0116200316099473,0.6,20.0
56,-0.25090974506772595,-0.0015204249892705752,-0.8626861816019188,0.003931181547002016,0.007231631032392429,0.02327172326521925,-0.4960445448020358,0.4945241194908266,1.1217625322165312,0.8631601314853738,1.012084879220268,0.575,21.25
57,-0.25541757283571326,0.16582628624674714,-0.6049250294396906,0.0037370348723970333,0.006943878793174884,0.022157113746176533,-0.3327087730537226,0.4985350594844347,0.8646239141807144,0.6017597261770272,1.012290295995312,0.55,22.5
58,-0.26152153961636404,0.24411791149112913,-0.502341931340871,0.003598956024902298,0.006776537736130441,0.021383048985210925,-0.26372950215950425,0.5078474137886071,0.7724135719147729,0.5030487441722258,1.0126033168148112,0.525,23.75
59,-0.2628883688722128,0.345452091070237,-0.3126799498949154,0.00337405745022683,0.006402790824879811,0.02007168265818446,-0.1563399749474577,0.5017920660751837,0.5867358513820319,0.3159814161145025,1.0126815371307325,0.5,25.0
60,-0.27090710079596364,0.40859617154907296,-0.15552610634354713,0.0032759821319084522,0.006148916676016755,0.01945436899377792,-0.07776305317177357,0.4863592245052626,0.43619419224560263,0.15754309775204295,1.0130949395674247,0.5,25.0
61,-0.27321820916768946,0.4690738172028904,-0.032943989456355294,0.0032721375164440777,0.006122289528713826,0.019421832447722095,-0.016471994728177647,0.4855458127955596,0.3064347611947192,0.025077761376541063,1.013231810890598,0.5,25.0
62,-0.2740691963997152,0.5332107911875219,0.14817488481244648,0.003116588728045355,0.005563980699617438,0.018364933967578833,0.07408744240622324,0.4591233486562599,0.13712424512544394,-0.14480916077420575,1.0133078783014675,0.5,25.0
63,-0.27385971138230814,0.6286085478869485,0.3351505692174405,0.0031083486079566043,0.0057991750108618515,0.018441330516469425,0.16757528460872026,0.46103326291029834,-0.05538157491145632,-0.3369621618662351,1.0133672573684174,0.5,25.0
64,-0.28245233769218125,0.7044394682219,0.47649717160765037,0.003155584014660426,0.00573943059368312,0.018647635401583013,0.23824858580382519,0.46619088391278996,-0.18279798453800197,-0.4734364498268675,1.013792618262915,0.5,25.0
65,-0.2846352338882876,0.7676996807625265,0.6455459361091073,0.0029714905314095733,0.00587923187089877,0.017797068576328456,0.32277296805455363,0.4449267147315873,-0.35071665285626585,-0.6433685548143623,1.013935070751626,0.5,25.0
66,-0.2874505138967508,0.820479722486602,0.7748596053800465,0.0029012098963038975,0.005631894510983846,0.01732199676018668,0.38742980269002325,0.4330499202104998,-0.4725662752595029,-0.7681128270096249,1.0140643223936174,0.5,25.0
67,-0.2870230363290987,0.8128408753761539,0.8198097443874971,0.002678206079980117,0.0054528192102472174,0.01611744006089636,0.40990487219374855,0.4029360024695411,-0.5351630412502053,-0.8300183058152965,1.0139866601169845,0.5,25.0
68,-0.2847909619410833,0.9017534094092287,0.9673097523642175,0.0028240885907125854,0.0052069966781188816,0.016723941255613793,0.48365487618210873,0.4180985321233302,-0.671619856228799,-0.9643404156337549,1.0138841020472256,0.5,25.0
69,-0.2891087097058326,0.9131843959107812,1.0154736978404315,0.0027146976501149136,0.005288827273977437,0.016217901867262467,0.5077368489202158,0.4054475465996398,-0.7224564660846451,-1.0198884979442313,1.0142087161908915,0.5,25.0
70,-0.28566931212941804,0.9251126440954797,1.0675710722988034,0.0026330542680591826,0.004975625859605102,0.015653084316808317,0.5337855361494017,0.3913271074861656,-0.7791792701423904,-1.0731624067933472,1.0139721949159364,0.5,25.0
71,-0.28244674552553967,0.9409589763776756,1.1052266800845112,0.0025931100447642054,0.0051365502090279565,0.015533825355282997,0.5526133400422556,0.3883456355995602,-0.8190671475213251,-1.1096939994597141,1.0138424099963388,0.5,25.0
72,-0.2913473351042212,0.9333267614797309,1.1320844949395568,0.0024805061929114736,0.004577699331509202,0.014691380614322829,0.5660422474697784,0.3672845155276634,-0.8239112803413544,-1.124102818671568,1.0142198785219663,0.5,25.0
73,-0.2878015541644008,0.9143842653727826,1.0780920995238386,0.0025161622648334336,0.004865434624392677,0.015013528634207669,0.5390460497619193,0.37533821450707355,-0.781342261367374,-1.0787309526293367,1.0139702254239424,0.5,25.0
74,-0.28724521223777605,0.9307820204599404,1.1139594894132496,0.0025485025892712544,0.0044191565079309825,0.01495209116169631,0.5569797447066248,0.37380227885772416,-0.8122895700144179,-1.1097482645953143,1.0139415777023928,0.5,25.0
75,-0.2867958869279167,0.9012807778738163,1.0865511458229136,0.002389410190517083,0.004746314599164359,0.014320208200966411,0.5432755729114568,0.35800520533028946,-0.786869417682842,-1.0829698729662247,1.0139827564542676,0.5,25.0
76,-0.28978393904772803,0.8870672364661722,1.0763787820383355,0.0023595196165124323,0.0043150315436327625,0.01395511383731148,0.5381893910191677,0.3488778460678863,-0.7830992637961,-1.082885154382682,1.0140037861135272,0.5,25.0
77,-0.2935977591224659,0.8800859569031515,1.0602768203358592,0.0023577430870823767,0.00441837306587129,0.013997901966910304,0.5301384101679296,0.349947548482889,-0.752511293468652,-1.0553365148144003,1.0142410751110242,0.5,25.0
78,-0.29292481383423746,0.8856472122816392,1.0886826638454272,0.0023085105893659165,0.0042193646260313,0.013652235265234831,0.5443413319227136,0.34130588155469777,-0.7856803754045639,-1.087693479951517,1.014283541727949,0.5,25.0
79,-0.29183818459694766,0.8669915638956023,1.0651924030648336,0.002247884905506155,0.004272779937040199,0.013375814456527156,0.5325962015324168,0.33439536036256656,-0.7603464632490535,-1.0618924685466438,1.0141931382962215,0.5,25.0
80,-0.2859102157530961,0.8595227317677604,1.0512643311126733,0.0022307520383396933,0.0044037250444051565,0.013355622696115371,0.5256321655563366,0.33389056763715214,-0.756598873031728,-1.0516802746940541,1.0139960802631613,0.5,25.0
81,-0.28995035124229795,0.8532236141187174,1.0591124750581788,0.0021712883624584517,0.004180506702489507,0.01294669516120152,0.5295562375290894,0.32366737891218544,-0.7573011190618998,-1.0567074866574488,1.0140658499282083,0.5,25.0
82,-0.2920608240329189,0.8305393963316341,1.020827384274683,0.0021229180058947314,0.004380876036723041,0.012805028076939009,0.5104136921373414,0.3201257019867132,-0.7248471157050427,-1.0263248605492674,1.0142664391685414,0.5,25.0
83,-0.292850655409289,0.8377212366940062,1.037933783398734,0.0021344972937870884,0.004155374783699194,0.012750173841292659,0.518966891699367,0.31875434545455156,-0.7350385101305114,-1.0372428169221053,1.0141623441819791,0.5,25.0
84,-0.29384905542304485,0.8599478997934011,1.0919860121276643,0.002085580650959911,0.004260585081395636,0.012558195778789619,0.5459930060638322,0.31395489460340253,-0.7876643690062158,-1.0916693917027227,1.0142486678229439,0.5,25.0
85,-0.28551439885739927,0.8785634864995508,1.118845812884378,0.0021571413822073985,0.003959832445324548,0.012765623166306335,0.559422906442189,0.31914057962044523,-0.8290273010178849,-1.1242728172996899,1.0138305815281692,0.5,25.0
86,-0.2930405233285309,0.8778811036436646,1.137330029849653,0.0020868503858686,0.0038687830462471157,0.01236864351193179,0.5686650149248265,0.3092160883968995,-0.835312768191467,-1.1382453395996566,1.014170225277359,0.5,25.0
87,-0.2915214762735514,0.8615700999895731,1.1262609993602022,0.0019926231091821935,0.003948936829225586,0.011937583995735801,0.5631304996801011,0.29843960019449395,-0.826770489414533,-1.128007584957429,1.0141696548388328,0.5,25.0
88,-0.2896857607787774,0.8723696260540573,1.1391689367132423,0.002028976280722238,0.003933050008964966,0.01211140642983172,0.5695844683566211,0.30278516020395874,-0.8387936381646145,-1.138101338861901,1.0139877423092172,0.5,25.0
89,-0.28832837988013105,0.8955493488429506,1.1901209227464817,0.0020413919639260575,0.0036251913081713732,0.012019555494016796,0.5950604613732409,0.3004888867338498,-0.8944397676322196,-1.1936880420019598,1.01386125628595,0.5,25.0
90,-0.29259871267426163,0.9456738636449531,1.2929209078903552,0.0020186651812831836,0.0037504208215259384,0.011968536296698414,0.6464604539451776,0.2992134078371304,-0.9935179088954572,-1.2969647303775504,1.0141036917765935,0.5,25.0
91,-0.2916079896927616,0.978652760386467,1.362812676915416,0.001990466454083583,0.003875049162026564,0.01188985685053293,0.681406338457708,0.2972464214918422,-1.060529597968231,-1.3628440023940287,1.0141534317054866,0.5,25.0
92,-0.2909138815546477,0.9661909485304797,1.3537152858428012,0.0019561307460578435,0.0035853572204180154,0.011573332307262369,0.6768576429214006,0.28933330754071107,-1.0482015440125525,-1.3493264545996984,1.0140327612926932,0.5,25.0
93,-0.28981257622808587,1.0004502516469838,1.4120658249766738,0.001989063755451,0.003662749677953989,0.011776693546167219,0.7060329124883369,0.29441733851476953,-1.1144714699851141,-1.4146724236600192,1.0139730256648711,0.5,25.0
94,-0.2874831893377834,1.0069526982160262,1.4476951809577,0.001896424463520367,0.003684164045729249,0.011324204362204505,0.72384759047885,0.2831051092778827,-1.1426950890340923,-1.4407382697234918,1.0138922534239145,0.5,25.0
95,-0.2873478222776342,1.0177808777417665,1.48038144501639,0.0018873880031650863,0.003333332488833593,0.011103606241019328,0.740190722508195,0.2775901558544533,-1.1863319203073597,-1.4842586743242947,1.013805917126161,0.5,25.0
96,-0.29128981092829764,1.0499179550894984,1.5571826067235734,0.001837264031856637,0.0033334918341018766,0.01085306608684384,0.7785913033617867,0.2713266527855102,-1.2503069620441507,-1.5522862219516143,1.0141199589143564,0.5,25.0
97,-0.2850623416127982,1.0748421246254887,1.5813605354891882,0.0019111206232610353,0.0036217423096977543,0.011366474308521935,0.7906802677445941,0.2841618573638024,-1.276135069904504,-1.5713664540538081,1.0137683354778055,0.5,25.0
98,-0.2900537343856729,1.0924812608662946,1.6302394094290558,0.0018683959667809469,0.003504964767705166,0.011094462225662061,0.8151197047145279,0.2773615562667449,-1.3190268967990522,-1.6201631045635836,1.0140032743966139,0.5,25.0
99,-0.2873872880122544,1.0857246144686217,1.6455151905984053,0.0017676707015826976,0.0033606544013399585,0.010518680699600803,0.8227575952992027,0.2629670174677431,-1.3488887932565476,-1.6472979321156018,1.013661045792662,0.5,25.0
100,-0.2905534237715197,1.1264342286704498,1.7312559599493758,0.0017781754270092482,0.0030827454636577676,0.010432249843430372,0.8656279799746879,0.2608062457753184,-1.4240965804935974,-1.7270223331304244,1.0138699939957372,0.5,25.0
101,-0.2907737334201365,1.124585622438678,1.7278985833680187,0.0017739538344796056,0.0031113677254280096,0.01042545306565309,0.8639492916840094,0.26063632693739586,-1.4286547868340105,-1.7319435382330859,1.01396702763475,0.5,25.0
102,-0.28756466531827124,1.151796336343259,1.742443851114791,0.00189848371420665,0.0034611155595170493,0.011222976346839404,0.8712219255573955,0.2805744088542314,-1.4403250182852334,-1.7395317791420737,1.0138237170599125,0.5,25.0
103,-0.2854408021418401,1.1691829604499133,1.8205760949187808,0.0017518180722146536,0.003193412272526917,0.010355796517637546,0.9102880474593904,0.25889491305950985,-1.5307731757193437,-1.8279545485237498,1.0138014774263642,0.5,25.0
104,-0.28731507669076506,1.2040997257939092,1.8801185411435586,0.0017873904127756962,0.003249331968326271,0.01056161805998856,0.9400592705717793,0.26404045142785265,-1.5784477716610756,-1.8774367110228833,1.013844911809321,0.5,25.0
105,-0.28472917589508456,1.2027186372397858,1.8842774015149952,0.0017644318985180745,0.0032020759208984443,0.01042319745986642,0.9421387007574976,0.26057993719515243,-1.5891691904744984,-1.8853027142124412,1.0136571995270105,0.5,25.0
106,-0.28573536109409214,1.2168255417067328,1.9290605327229442,0.0017019050417864626,0.003164571601240666,0.010091810971555978,0.9645302663614721,0.2522952741264929,-1.6304662240140233,-1.9277465178642743,1.0137810536004879,0.5,25.0
107,-0.287701750739857,1.2120084742337098,1.9182458751731448,0.0016966425668395032,0.0032644169775188476,0.010115421307416932,0.9591229375865724,0.25288553310581197,-1.6201878719859653,-1.9198201183183694,1.0138159543643763,0.5,25.0
108,-0.2875370608987632,1.2285297277532978,1.9642746518423528,0.0016583174127182798,0.0031282180093119586,0.009855696059803673,0.9821373259211764,0.24639240155617395,-1.6660546491175523,-1.965159136277658,1.0138068139921,0.5,25.0
109,-0.28880451418183467,1.2192847009426282,1.9414278831746843,0.0016817723442750041,0.003067937128592202,0.00994283028010187,0.9707139415873421,0.2485707571936978,-1.6383573486481184,-1.9385462004461407,1.0138365031024557,0.5,25.0
110,-0.2892842253877057,1.2416196952999374,1.9921114179823134,0.0016786520798542583,0.0028585983484474666,0.009822559573135718,0.9960557089911567,0.24556398814843025,-1.6830219842033622,-1.9843781154096862,1.0138666714415139,0.5,25.0
111,-0.28455230203675635,1.230232212278578,1.9894739613856798,0.0015895715169105564,0.00294390351444707,0.009419809329829373,0.9947369806928399,0.23549523275851467,-1.6900174173308007,-1.9866549151915092,1.013814840125449,0.5,25.0
112,-0.2882512197174408,1.246962872552283,2.013545678721534,0.0016270045033493655,0.0029451576933583797,0.009607601379774466,1.006772839360767,0.24019003445627513,-1.710422941490456,-2.01043783367416,1.013895445951709,0.5,25.0
113,-0.2848175348599016,1.2647893057193285,2.0581113953649264,0.0015953583651823048,0.0029051051118316267,0.009429344372754847,1.0290556976824632,0.23573360927862885,-1.7641247326209222,-2.060687542182428,1.0136694000091082,0.5,25.0
114,-0.2878066825921889,1.2893344947585352,2.1063810057110257,0.0016009287515591922,0.0028822318200571,0.009445759631624376,1.0531905028555129,0.23614399089121524,-1.7930627904556415,-2.0927068213621776,1.013808055387603,0.5,25.0
115,-0.2864414491127303,1.2774987838886402,2.0844916086873893,0.0016020301660813138,0.0027999365659154675,0.009410119115340489,1.0422458043436946,0.23525297839516474,-1.7835590305151763,-2.0817603374704903,1.0137147453096178,0.5,25.0
116,-0.2822157699568772,1.3403430698830405,2.1850796286706573,0.0016597788450365633,0.0032264723508607274,0.009912130381210627,1.0925398143353287,0.24780325897405914,-1.8821817253106905,-2.176221975573787,1.0135468354563655,0.5,25.0
117,-0.28244074074390496,1.3022632668783636,2.143048322127189,0.001569308121911434,0.0027660472862160892,0.009229564245928216,1.0715241610635946,0.23073910595274266,-1.8516271594865823,-2.1459102746145224,1.0135202767304432,0.5,25.0
118,-0.2865468494594097,1.3376095118346039,2.2041673663957617,0.0015986821418204115,0.0028552449098860062,0.009421033155960663,1.1020836831978809,0.2355258294645651,-1.9117886848655747,-2.210761248918227,1.0137448334399566,0.5,25.0
119,-0.2869333881654857,1.359976813013171,2.264487192954546,0.0015526438948632228,0.002692218360427859,0.009109328630995466,1.132243596477273,0.22773321559307752,-1.9567826594099587,-2.2560202343964284,1.0137637225198157,0.5,25.0
