source,point_index,surface,x_physical_mean,y_physical_mean,y_physical_std,mean_d_score_d_x_normalized,mean_d_score_d_y_normalized,mean_sensitivity_normalized_l2,std_sensitivity_normalized_l2,mean_d_score_d_x_physical,mean_d_score_d_y_physical,norm_of_mean_physical_gradient_l2,mean_sensitivity_physical_l2,std_sensitivity_physical_l2,mean_critic_score,std_critic_score
real,0,upper,1.0,0.0018896000692620873,0.0018549382220953703,-5.468964809551835e-05,-0.024908248335123062,0.024925818666815758,0.008112928830087185,-5.468964809551835e-05,-0.08540897071361542,0.08540898561477661,0.0854140967130661,0.027855051681399345,-0.0722363144159317,0.032633960247039795
real,1,upper,0.9740055799484253,0.008079400286078453,0.001244784565642476,0.002958090975880623,3.915419711120194e-06,0.004963529296219349,0.0009745812858454883,0.002958090975880623,1.3425946235656738e-05,0.0029581214766949415,0.012621276080608368,0.005892737302929163,-0.0722363144159317,0.032633960247039795
real,2,upper,0.9480819702148438,0.01388580072671175,0.001429470838047564,-0.0013288037152960896,-0.0019585220143198967,0.009243031963706017,0.0035086413845419884,-0.0013288037152960896,-0.006715661380439997,0.00684586213901639,0.012061526998877525,0.004965750500559807,-0.0722363144159317,0.032633960247039795
real,3,upper,0.9222707748413086,0.019439201802015305,0.00183555216062814,-0.002569196978583932,-0.00872101541608572,0.009465950541198254,0.004180091433227062,-0.002569196978583932,-0.029903870075941086,0.030014032498002052,0.030139431357383728,0.013304070569574833,-0.0722363144159317,0.032633960247039795
real,4,upper,0.8966032266616821,0.024856001138687134,0.002408872824162245,-0.005123605951666832,-0.00759547483175993,0.009786693379282951,0.002236934145912528,-0.005123605951666832,-0.02604445442557335,0.026543643325567245,0.026966094970703125,0.009853193536400795,-0.0722363144159317,0.032633960247039795
real,5,upper,0.8710561990737915,0.030025601387023926,0.0030073444359004498,-0.006595370825380087,-0.0067438045516610146,0.009957798756659031,0.003409568453207612,-0.006595370825380087,-0.023124124854803085,0.024046290665864944,0.024363908916711807,0.005877753719687462,-0.0722363144159317,0.032633960247039795
real,6,upper,0.8456665873527527,0.03508320078253746,0.0037120806518942118,-0.012391704134643078,-0.007888720370829105,0.015030520968139172,0.0038991339970380068,-0.012391704134643078,-0.027049977332353592,0.029753245413303375,0.030199721455574036,0.0038909914437681437,-0.0722363144159317,0.032633960247039795
real,7,upper,0.8204296231269836,0.03996720165014267,0.004576120059937239,-0.013737553730607033,0.0007929030107334256,0.013798731379210949,0.005327078513801098,-0.013737553730607033,0.002718819770962,0.014004012569785118,0.014427190646529198,0.005354872904717922,-0.0722363144159317,0.032633960247039795
real,8,upper,0.7953500151634216,0.04469600319862366,0.005570093635469675,-0.017711877822875977,0.003043913748115301,0.018219495192170143,0.005487462505698204,-0.017711877822875977,0.01043740939348936,0.02055845595896244,0.021995127201080322,0.006093589123338461,-0.0722363144159317,0.032633960247039795
real,9,upper,0.7703869938850403,0.049009401351213455,0.006769971922039986,-0.01986212655901909,-0.0004839501343667507,0.020516512915492058,0.005473858676850796,-0.01986212655901909,-0.001659437664784491,0.019931327551603317,0.025682806968688965,0.002497580833733082,-0.0722363144159317,0.032633960247039795
real,10,upper,0.7455922365188599,0.05318940430879593,0.008037086576223373,-0.02585904859006405,0.002840875880792737,0.0261622853577137,0.0065906597301363945,-0.02585904859006405,0.009741201996803284,0.027632975950837135,0.028969306498765945,0.00704287551343441,-0.0722363144159317,0.032633960247039795
real,11,upper,0.7209662199020386,0.05721080303192139,0.009372190572321415,-0.026203876361250877,0.003383943345397711,0.027071887627243996,0.008121160790324211,-0.026203876361250877,0.01160335075110197,0.028657998889684677,0.03377607837319374,0.009682755917310715,-0.0722363144159317,0.032633960247039795
real,12,upper,0.696516215801239,0.06110040098428726,0.0107510294765234,-0.03352883458137512,0.004463237710297108,0.03471069782972336,0.007680336479097605,-0.03352883458137512,0.01530419010668993,0.03685649111866951,0.04397554695606232,0.009848215617239475,-0.0722363144159317,0.032633960247039795
real,13,upper,0.6722022294998169,0.06457020342350006,0.01216404139995575,-0.04062590375542641,0.0012420366983860731,0.04087354987859726,0.007900790311396122,-0.04062590375542641,0.004258873872458935,0.04084852337837219,0.043376658111810684,0.007597972173243761,-0.0722363144159317,0.032633960247039795
real,14,upper,0.6480704545974731,0.06791500747203827,0.013564124703407288,-0.04059413820505142,-0.0017545688897371292,0.04105719178915024,0.009611826390028,-0.04059413820505142,-0.006016318220645189,0.04103754460811615,0.04541073739528656,0.009809843264520168,-0.0722363144159317,0.032633960247039795
real,15,upper,0.6241275668144226,0.07112599909305573,0.014986374415457249,-0.054261304438114166,-0.0005363896489143372,0.05466284230351448,0.008609392680227757,-0.054261304438114166,-0.0018392510246485472,0.0542924664914608,0.05855243653059006,0.007230629213154316,-0.0722363144159317,0.032633960247039795
real,16,upper,0.600380003452301,0.07421059906482697,0.016456561163067818,-0.05786094814538956,0.005913468077778816,0.05833807587623596,0.006024064030498266,-0.05786094814538956,0.020276948809623718,0.06131104379892349,0.063149094581604,0.005865801125764847,-0.0722363144159317,0.032633960247039795
real,17,upper,0.5767923593521118,0.07683400064706802,0.01793673262000084,-0.06564745306968689,0.00027020592824555933,0.06582103669643402,0.006564898416399956,-0.06564745306968689,0.0009265210246667266,0.06565398722887039,0.06761769950389862,0.00575844943523407,-0.0722363144159317,0.032633960247039795
real,18,upper,0.5533987879753113,0.0792359933257103,0.019442956894636154,-0.07546420395374298,0.0022384836338460445,0.07573802024126053,0.005233778152614832,-0.07546420395374298,0.007675634231418371,0.07585355639457703,0.07851411402225494,0.004318482242524624,-0.0722363144159317,0.032633960247039795
real,19,upper,0.5302160382270813,0.08153299987316132,0.020955119282007217,-0.07747103273868561,0.008858812041580677,0.07817623764276505,0.007202866952866316,-0.07747103273868561,0.030376369133591652,0.08321348577737808,0.0851413905620575,0.008085627108812332,-0.0722363144159317,0.032633960247039795
real,20,upper,0.5072475671768188,0.0836917981505394,0.022456414997577667,-0.08665130287408829,0.007677468471229076,0.08724626153707504,0.006721357814967632,-0.08665130287408829,0.026325607672333717,0.09056205302476883,0.09321432560682297,0.009565501473844051,-0.0722363144159317,0.032633960247039795
real,21,upper,0.4844816327095032,0.08546259999275208,0.023938119411468506,-0.0984676256775856,0.008825931698083878,0.09924272447824478,0.007177594117820263,-0.0984676256775856,0.030263621360063553,0.10301339626312256,0.10686023533344269,0.008290362544357777,-0.0722363144159317,0.032633960247039795
real,22,upper,0.4619196057319641,0.08680839836597443,0.025418546050786972,-0.10430143028497696,0.00770167401060462,0.10467996448278427,0.007171877659857273,-0.10430143028497696,0.02640860714018345,0.10759276151657104,0.10862201452255249,0.007565252482891083,-0.0722363144159317,0.032633960247039795
real,23,upper,0.43958383798599243,0.08797480165958405,0.02678576484322548,-0.11430724710226059,-1.0988954272761475e-05,0.11447590589523315,0.005856171250343323,-0.11430724710226059,-3.768075112020597e-05,0.11430725455284119,0.11624415218830109,0.005631360225379467,-0.0722363144159317,0.032633960247039795
real,24,upper,0.41747480630874634,0.08893300592899323,0.028020191937685013,-0.12385197728872299,0.006942956242710352,0.1241157203912735,0.006536079570651054,-0.12385197728872299,0.02380700781941414,0.12611933052539825,0.1269093006849289,0.007519670762121677,-0.0722363144159317,0.032633960247039795
real,25,upper,0.395596981048584,0.08962080627679825,0.028971586376428604,-0.12987616658210754,0.006923848297446966,0.1300835907459259,0.009331583976745605,-0.12987616658210754,0.02374148555099964,0.13202832639217377,0.13228842616081238,0.01042687613517046,-0.0722363144159317,0.032633960247039795
real,26,upper,0.3739677965641022,0.08962640166282654,0.029787763953208923,-0.1415645331144333,-0.004787608981132507,0.14167197048664093,0.005872142501175404,-0.1415645331144333,-0.016416441649198532,0.1425132155418396,0.1428176760673523,0.0057237111032009125,-0.0722363144159317,0.032633960247039795
real,27,upper,0.35259562730789185,0.08941279351711273,0.0303383506834507,-0.15020015835762024,-0.0049478765577077866,0.15033164620399475,0.006934843026101589,-0.15020015835762024,-0.016965990886092186,0.15115532279014587,0.15172553062438965,0.006646598689258099,-0.0722363144159317,0.032633960247039795
real,28,upper,0.33149921894073486,0.08885180205106735,0.030525529757142067,-0.15760965645313263,0.0012266213307157159,0.15764795243740082,0.006336106453090906,-0.15760965645313263,0.004206015262752771,0.15766577422618866,0.15805834531784058,0.005994731560349464,-0.0722363144159317,0.032633960247039795
real,29,upper,0.3106955885887146,0.08810459822416306,0.0304863303899765,-0.16367322206497192,0.0015025120228528976,0.16376031935214996,0.005834285169839859,-0.16367322206497192,0.005152028985321522,0.16375428438186646,0.1646937131881714,0.005669703241437674,-0.0722363144159317,0.032633960247039795
real,30,upper,0.2902061939239502,0.0870250016450882,0.030285730957984924,-0.1691586971282959,0.00805145688354969,0.16963478922843933,0.007608651649206877,-0.1691586971282959,0.0276079922914505,0.17139680683612823,0.17442363500595093,0.007936585694551468,-0.0722363144159317,0.032633960247039795
real,31,upper,0.2700706124305725,0.08525179326534271,0.029841193929314613,-0.18005265295505524,0.002593651181086898,0.18022149801254272,0.006012167315930128,-0.18005265295505524,0.008893484249711037,0.1802721619606018,0.18199589848518372,0.0071128965355455875,-0.0722363144159317,0.032633960247039795
real,32,upper,0.2502778172492981,0.08328060060739517,0.029185891151428223,-0.18716096878051758,0.0026386782992631197,0.1873643845319748,0.0066304379142820835,-0.18716096878051758,0.00904787890613079,0.18737953901290894,0.1894940733909607,0.008117285557091236,-0.0722363144159317,0.032633960247039795
real,33,upper,0.23084159195423126,0.08113619685173035,0.028347358107566833,-0.19213734567165375,0.006349250674247742,0.19242405891418457,0.007824099622666836,-0.19213734567165375,0.021771224215626717,0.1933668702840805,0.19540271162986755,0.009204329922795296,-0.0722363144159317,0.032633960247039795
real,34,upper,0.21178098022937775,0.07880420237779617,0.027335893362760544,-0.19900892674922943,0.013522696681320667,0.19962897896766663,0.007294769864529371,-0.19900892674922943,0.0463685616850853,0.2043394148349762,0.20603697001934052,0.012989061884582043,-0.0722363144159317,0.032633960247039795
real,35,upper,0.19313639402389526,0.0762103945016861,0.026072226464748383,-0.20399847626686096,0.012348405085504055,0.20445969700813293,0.00718954112380743,-0.20399847626686096,0.04234198480844498,0.2083463966846466,0.20931105315685272,0.010116069577634335,-0.0722363144159317,0.032633960247039795
real,36,upper,0.17496541142463684,0.07301699370145798,0.02471364289522171,-0.2071865350008011,0.007416347973048687,0.20736774802207947,0.008014009334146976,-0.2071865350008011,0.025430237874388695,0.20874135196208954,0.2093009501695633,0.009375224821269512,-0.0722363144159317,0.032633960247039795
real,37,upper,0.15723159909248352,0.06968040764331818,0.023237397894263268,-0.20849952101707458,0.005639709532260895,0.2087966650724411,0.006879576947540045,-0.20849952101707458,0.019338246434926987,0.2093944102525711,0.2118881493806839,0.008969571441411972,-0.0722363144159317,0.032633960247039795
real,38,upper,0.13998199999332428,0.06609179824590683,0.021665263921022415,-0.21376295387744904,-0.0031813725363463163,0.21394293010234833,0.005697042681276798,-0.21376295387744904,-0.010908747091889381,0.2140411138534546,0.2158656120300293,0.004908291157335043,-0.0722363144159317,0.032633960247039795
real,39,upper,0.12330421060323715,0.06202179938554764,0.019927894696593285,-0.21379432082176208,-0.00835371296852827,0.21413671970367432,0.006047616247087717,-0.21379432082176208,-0.028644409030675888,0.21570469439029694,0.21776962280273438,0.00397297041490674,-0.0722363144159317,0.032633960247039795
real,40,upper,0.10715140402317047,0.05784379690885544,0.018091445788741112,-0.20921778678894043,-0.007777907885611057,0.20952752232551575,0.005074372980743647,-0.20921778678894043,-0.026670008897781372,0.21091081202030182,0.21282486617565155,0.004384828731417656,-0.0722363144159317,0.032633960247039795
real,41,upper,0.0916023999452591,0.05341999977827072,0.01617351919412613,-0.21426424384117126,-0.008847164921462536,0.21451430022716522,0.0027548286598175764,-0.21426424384117126,-0.030336430296301842,0.21640117466449738,0.2171783745288849,0.0024060567375272512,-0.0722363144159317,0.032633960247039795
real,42,upper,0.07676099985837936,0.04852840304374695,0.014212860725820065,-0.20477299392223358,-0.008448662236332893,0.20498411357402802,0.004140275996178389,-0.20477299392223358,-0.028969984501600266,0.2068120837211609,0.20723362267017365,0.005124568939208984,-0.0722363144159317,0.032633960247039795
real,43,upper,0.06262600421905518,0.04342539981007576,0.012185809202492237,-0.1930658370256424,-0.005188588984310627,0.1931505650281906,0.0024190163239836693,-0.1930658370256424,-0.017791379243135452,0.19388386607170105,0.19405826926231384,0.0023012380115687847,-0.0722363144159317,0.032633960247039795
real,44,upper,0.049251802265644073,0.03819180279970169,0.010087193921208382,-0.18372447788715363,0.0037192602176219225,0.18377052247524261,0.003972744569182396,-0.18372447788715363,0.012753133662045002,0.1841665655374527,0.18426449596881866,0.004243562463670969,-0.0722363144159317,0.032633960247039795
real,45,upper,0.03692539781332016,0.03236159682273865,0.007990404032170773,-0.16852335631847382,0.008897165767848492,0.1688079535961151,0.00428587943315506,-0.16852335631847382,0.030507881194353104,0.17126251757144928,0.17182834446430206,0.005751691292971373,-0.0722363144159317,0.032633960247039795
real,46,upper,0.025577202439308167,0.026432599872350693,0.005893034394830465,-0.14929258823394775,0.01567721739411354,0.15012226998806,0.0033672060817480087,-0.14929258823394775,0.05375629663467407,0.15867581963539124,0.15876327455043793,0.005152532830834389,-0.0722363144159317,0.032633960247039795
real,47,upper,0.015617799945175648,0.02004299871623516,0.0038617709651589394,-0.1304350346326828,0.010652018710970879,0.13091135025024414,0.009875058196485043,-0.1304350346326828,0.036525171250104904,0.1354525238275528,0.13589423894882202,0.009280244819819927,-0.0722363144159317,0.032633960247039795
real,48,upper,0.00778160011395812,0.012985600158572197,0.0019072010181844234,-0.08848395198583603,-0.013309871777892113,0.0895310640335083,0.006996228825300932,-0.08848395198583603,-0.0456387922167778,0.09956058114767075,0.09998784214258194,0.012324146926403046,-0.0722363144159317,0.032633960247039795
real,49,upper,0.0023990001063793898,0.005706599913537502,0.0005344192613847554,-0.044427596032619476,-0.03870897367596626,0.05898599699139595,0.005832066759467125,-0.044427596032619476,-0.1327308863401413,0.13996893167495728,0.1400226652622223,0.01423391979187727,-0.0722363144159317,0.032633960247039795
real,50,leading_edge,0.0,0.0,0.0,-0.001823951257392764,0.0005528575275093317,0.0043757036328315735,0.0016911886632442474,-0.001823951257392764,0.0018957173451781273,0.0026306924410164356,0.007339648902416229,0.004439309239387512,-0.0722363144159317,0.032633960247039795
real,51,lower,0.003711000084877014,-0.005004599690437317,0.0005304411752149463,-0.03423463553190231,0.02626890316605568,0.04320041090250015,0.008005491457879543,-0.03423463553190231,0.0900745838880539,0.09636098891496658,0.09641571342945099,0.020205730572342873,-0.0722363144159317,0.032633960247039795
real,52,lower,0.011260000988841057,-0.010199598968029022,0.0010300937574356794,-0.0625741109251976,-0.004034749232232571,0.06314337998628616,0.00998645182698965,-0.0625741109251976,-0.013834928162395954,0.06408529728651047,0.06830688565969467,0.004016285762190819,-0.0722363144159317,0.032633960247039795
real,53,lower,0.021386798471212387,-0.013698999769985676,0.0025194964837282896,-0.07345855236053467,-0.008461657911539078,0.07422231137752533,0.010842283256351948,-0.07345855236053467,-0.029014548286795616,0.07898102700710297,0.08152689784765244,0.010620484128594398,-0.0722363144159317,0.032633960247039795
real,54,lower,0.03312600031495094,-0.01623840071260929,0.0038404257502406836,-0.08080160617828369,-0.0030704359523952007,0.08095555007457733,0.015172664076089859,-0.08080160617828369,-0.010528353042900562,0.08148463070392609,0.08257769048213959,0.016262592747807503,-0.0722363144159317,0.032633960247039795
real,55,lower,0.04596560075879097,-0.018267199397087097,0.005014555063098669,-0.0861297994852066,-8.951020572567359e-05,0.08638090640306473,0.013390455394983292,-0.0861297994852066,-0.0003069259109906852,0.08613034337759018,0.08901707828044891,0.012552524916827679,-0.0722363144159317,0.032633960247039795
real,56,lower,0.05967260152101517,-0.019870199263095856,0.006313621532171965,-0.08450541645288467,0.005782261956483126,0.08508165925741196,0.014272323809564114,-0.08450541645288467,0.01982705108821392,0.086800217628479,0.09067944437265396,0.00881174299865961,-0.0722363144159317,0.032633960247039795
real,57,lower,0.07414619624614716,-0.021142199635505676,0.0075435759499669075,-0.08331102132797241,0.006418326403945684,0.0838196873664856,0.010716073215007782,-0.08331102132797241,0.022008080035448074,0.08616891503334045,0.0887548178434372,0.004611733369529247,-0.0722363144159317,0.032633960247039795
real,58,lower,0.08928900212049484,-0.022180600091814995,0.008660940453410149,-0.08632341772317886,0.0032759620808064938,0.08652378618717194,0.014000766910612583,-0.08632341772317886,0.011233089491724968,0.08705122023820877,0.08860263973474503,0.012185150757431984,-0.0722363144159317,0.032633960247039795
real,59,lower,0.10504619777202606,-0.022941401228308678,0.00962834432721138,-0.08282184600830078,0.0036030716728419065,0.08304961025714874,0.016781162470579147,-0.08282184600830078,0.012354731559753418,0.08373826742172241,0.08539889752864838,0.014650174416601658,-0.0722363144159317,0.032633960247039795
real,60,lower,0.1213625892996788,-0.023386001586914062,0.010418692603707314,-0.08015748113393784,0.003002497833222151,0.08043839037418365,0.012721464969217777,-0.08015748113393784,0.010295395739376545,0.08081594854593277,0.08338002860546112,0.011844662949442863,-0.0722363144159317,0.032633960247039795
real,61,lower,0.13818079233169556,-0.023766400292515755,0.01122263353317976,-0.08024339377880096,-0.007689185440540314,0.0808410793542862,0.013781319372355938,-0.08024339377880096,-0.02636578306555748,0.0844639390707016,0.08672083914279938,0.015514340251684189,-0.0722363144159317,0.032633960247039795
real,62,lower,0.15546640753746033,-0.024083400145173073,0.012048189528286457,-0.07696168124675751,-0.005679830443114042,0.07745467126369476,0.016435902565717697,-0.07696168124675751,-0.019475817680358887,0.07938770949840546,0.08241094648838043,0.019220922142267227,-0.0722363144159317,0.032633960247039795
real,63,lower,0.17319659888744354,-0.024236198514699936,0.012799879536032677,-0.0732988640666008,-0.0017850613221526146,0.074068084359169,0.012600637972354889,-0.0732988640666008,-0.006120874546468258,0.07355398684740067,0.08149939030408859,0.00871169101446867,-0.0722363144159317,0.032633960247039795
real,64,lower,0.19134241342544556,-0.024349600076675415,0.013561684638261795,-0.07253406941890717,-0.005036549177020788,0.07321758568286896,0.01624004915356636,-0.07253406941890717,-0.0172700434923172,0.07456168532371521,0.079732246696949,0.01835172437131405,-0.0722363144159317,0.032633960247039795
real,65,lower,0.20988121628761292,-0.024307001382112503,0.014296804554760456,-0.07050817459821701,-0.004504132550209761,0.07111315429210663,0.012795175425708294,-0.07050817459821701,-0.015444417484104633,0.07217986136674881,0.07715827971696854,0.01398239005357027,-0.0722363144159317,0.032633960247039795
real,66,lower,0.2288012057542801,-0.02400900050997734,0.014769298024475574,-0.06808309257030487,-0.0001474287419114262,0.06845668703317642,0.010817382484674454,-0.06808309257030487,-0.0005055248620919883,0.0680849701166153,0.07226566225290298,0.009414900094270706,-0.0722363144159317,0.032633960247039795
real,67,lower,0.2480795830488205,-0.023646000772714615,0.01525187212973833,-0.06943836063146591,-0.0063413046300411224,0.07003236562013626,0.010899731889367104,-0.06943836063146591,-0.021743973717093468,0.07276321947574615,0.07568948715925217,0.015196378342807293,-0.0722363144159317,0.032633960247039795
real,68,lower,0.26770180463790894,-0.02324879914522171,0.01572762057185173,-0.06713034957647324,-0.006073822267353535,0.067612424492836,0.009374938905239105,-0.06713034957647324,-0.02082679606974125,0.0702868327498436,0.0723923072218895,0.012417720630764961,-0.0722363144159317,0.032633960247039795
real,69,lower,0.287653386592865,-0.0228061992675066,0.016202906146645546,-0.06162315607070923,-0.0038328536320477724,0.061934661120176315,0.010636492632329464,-0.06162315607070923,-0.013142639771103859,0.06300906836986542,0.0650252178311348,0.012302130460739136,-0.0722363144159317,0.032633960247039795
real,70,lower,0.3079212009906769,-0.022268200293183327,0.01664954237639904,-0.061269067227840424,-0.006694098003208637,0.06180723384022713,0.007677062880247831,-0.061269067227840424,-0.022953685373067856,0.06542759388685226,0.06699590384960175,0.012079150415956974,-0.0722363144159317,0.032633960247039795
real,71,lower,0.32849258184432983,-0.021496599540114403,0.01680709235370159,-0.06039551645517349,-0.004472370259463787,0.060702867805957794,0.008208158425986767,-0.06039551645517349,-0.015335505828261375,0.062312088906764984,0.06382045149803162,0.010229330509901047,-0.0722363144159317,0.032633960247039795
real,72,lower,0.3493589758872986,-0.020651400089263916,0.016926443204283714,-0.051374293863773346,-0.005618875380605459,0.05182277038693428,0.005870506167411804,-0.051374293863773346,-0.019266808405518532,0.05486827716231346,0.056178100407123566,0.007900437340140343,-0.0722363144159317,0.032633960247039795
real,73,lower,0.37050938606262207,-0.019750598818063736,0.017053216695785522,-0.056408416479825974,-0.005491063930094242,0.05677911639213562,0.004105384927242994,-0.056408416479825974,-0.01882855035364628,0.05946783721446991,0.06048308685421944,0.006952648516744375,-0.0722363144159317,0.032633960247039795
real,74,lower,0.3919371962547302,-0.018818799406290054,0.017155447974801064,-0.0506129264831543,-0.005891765467822552,0.051176272332668304,0.00509091280400753,-0.0506129264831543,-0.020202532410621643,0.05449597164988518,0.056689511984586716,0.007341068238019943,-0.0722363144159317,0.032633960247039795
real,75,lower,0.4136340022087097,-0.01785999909043312,0.01717531308531761,-0.04645393043756485,-0.0045503429137170315,0.0468488484621048,0.006052746437489986,-0.04645393043756485,-0.015602871775627136,0.04900425672531128,0.050776440650224686,0.007885458879172802,-0.0722363144159317,0.032633960247039795
real,76,lower,0.4355904161930084,-0.016828399151563644,0.017048712819814682,-0.048330653458833694,-0.008488242514431477,0.04923003166913986,0.0013700323179364204,-0.048330653458833694,-0.02910570427775383,0.056418027728796005,0.05773939564824104,0.006481023505330086,-0.0722363144159317,0.032633960247039795
real,77,lower,0.4578016400337219,-0.015795201063156128,0.01692609116435051,-0.04533994570374489,-0.007873100228607655,0.04624025896191597,0.004428807180374861,-0.04533994570374489,-0.026996415108442307,0.052768524736166,0.05459081009030342,0.008205307647585869,-0.0722363144159317,0.032633960247039795
real,78,lower,0.4802590012550354,-0.014708800241351128,0.016840992495417595,-0.03816064074635506,-0.003227607812732458,0.038423411548137665,0.0036262536887079477,-0.03816064074635506,-0.011067287065088749,0.039733100682497025,0.04105725884437561,0.004663134925067425,-0.0722363144159317,0.032633960247039795
real,79,lower,0.5029574036598206,-0.01360120065510273,0.016768665984272957,-0.044824253767728806,-0.0024188715033233166,0.04503485932946205,0.0038611055351793766,-0.044824253767728806,-0.008294174447655678,0.045585162937641144,0.04717627167701721,0.0044040377251803875,-0.0722363144159317,0.032633960247039795
real,80,lower,0.5258831977844238,-0.012335600331425667,0.01660255715250969,-0.0402405746281147,-0.0046378690749406815,0.04075910151004791,0.00538916140794754,-0.0402405746281147,-0.015902992337942123,0.04326903074979782,0.045769933611154556,0.0076757799834012985,-0.0722363144159317,0.032633960247039795
real,81,lower,0.5490378141403198,-0.01102839969098568,0.016445843502879143,-0.0329287126660347,0.0006343187997117639,0.03299599140882492,0.004126669839024544,-0.0329287126660347,0.0021750435698777437,0.03300046920776367,0.03370066359639168,0.0037296086084097624,-0.0722363144159317,0.032633960247039795
real,82,lower,0.572417140007019,-0.009687199257314205,0.016318846493959427,-0.0340547189116478,-0.003245168598368764,0.03449752554297447,0.00230914237909019,-0.0340547189116478,-0.011127499863505363,0.03582659736275673,0.0388287715613842,0.004125611390918493,-0.0722363144159317,0.032633960247039795
real,83,lower,0.5960146188735962,-0.00830020010471344,0.016229704022407532,-0.033490367233753204,-0.003230968490242958,0.03414514288306236,0.004260489717125893,-0.033490367233753204,-0.011078807525336742,0.03527526929974556,0.04021275416016579,0.006066878791898489,-0.0722363144159317,0.032633960247039795
real,84,lower,0.6198303699493408,-0.006947599351406097,0.01616017147898674,-0.029403280466794968,-0.002303165150806308,0.029776159673929214,0.004057933576405048,-0.029403280466794968,-0.007897423580288887,0.030445396900177002,0.033407434821128845,0.003718419698998332,-0.0722363144159317,0.032633960247039795
real,85,lower,0.6438559889793396,-0.005575999617576599,0.016123829409480095,-0.02745669148862362,-0.0069696553982794285,0.028790077194571495,0.0035165126901119947,-0.02745669148862362,-0.023898553103208542,0.036400698125362396,0.039498183876276016,0.011227894574403763,-0.0722363144159317,0.032633960247039795
real,86,lower,0.6680878400802612,-0.004177199676632881,0.016116654500365257,-0.0280781090259552,-0.0057863229885697365,0.028882909566164017,0.004100187681615353,-0.0280781090259552,-0.019840974360704422,0.034380875527858734,0.0359254814684391,0.009715533815324306,-0.0722363144159317,0.032633960247039795
real,87,lower,0.6925226449966431,-0.0027733996976166964,0.016112979501485825,-0.02562461420893669,-0.0038397822063416243,0.026021763682365417,0.004496918059885502,-0.02562461420893669,-0.01316639594733715,0.028809282928705215,0.029823899269104004,0.006851733196526766,-0.0722363144159317,0.032633960247039795
real,88,lower,0.7171615958213806,-0.0014829998835921288,0.01603240706026554,-0.023578161373734474,-0.005488920025527477,0.02426915429532528,0.0035222514998167753,-0.023578161373734474,-0.018821198493242264,0.03016897663474083,0.030503258109092712,0.006921922788023949,-0.0722363144159317,0.032633960247039795
real,89,lower,0.7420036196708679,-0.0003448000061325729,0.015820132568478584,-0.02237667329609394,-0.0039290376007556915,0.022856103256344795,0.0029086642898619175,-0.02237667329609394,-0.013472449965775013,0.02611938863992691,0.027218714356422424,0.005955594126135111,-0.0722363144159317,0.032633960247039795
real,90,lower,0.7670416235923767,0.0006928000366315246,0.015492764301598072,-0.020756149664521217,-0.003159486223012209,0.021243777126073837,0.00388332549482584,-0.020756149664521217,-0.010833700187504292,0.023413389921188354,0.025824273005127907,0.004573541693389416,-0.0722363144159317,0.032633960247039795
real,91,lower,0.792271614074707,0.001599599956534803,0.01502083521336317,-0.015409102663397789,-0.004336425103247166,0.016243498772382736,0.0057605840265750885,-0.015409102663397789,-0.014869356527924538,0.02141350507736206,0.023007476702332497,0.00922965444624424,-0.0722363144159317,0.032633960247039795
real,92,lower,0.8176883459091187,0.0022434000857174397,0.014345038682222366,-0.014711347408592701,-0.003487067297101021,0.015370873734354973,0.004786426201462746,-0.014711347408592701,-0.0119569581001997,0.018957652151584625,0.020455490797758102,0.011705975979566574,-0.0722363144159317,0.032633960247039795
real,93,lower,0.843285858631134,0.002661800477653742,0.013462794944643974,-0.013562927022576332,-0.009629802778363228,0.0168265663087368,0.004174122121185064,-0.013562927022576332,-0.03302004933357239,0.03569701313972473,0.035938508808612823,0.013838418759405613,-0.0722363144159317,0.032633960247039795
real,94,lower,0.8690569996833801,0.0028384001925587654,0.01232306007295847,-0.012161720544099808,-0.0019698808901011944,0.012818959541618824,0.003225765423849225,-0.012161720544099808,-0.006754610687494278,0.013911585323512554,0.01668700948357582,0.0058805630542337894,-0.0722363144159317,0.032633960247039795
real,95,lower,0.8949942588806152,0.002755200257524848,0.010922664776444435,-0.008188950829207897,-0.0022757744882255793,0.008782919496297836,0.002047453075647354,-0.008188950829207897,-0.00780350249260664,0.01131165586411953,0.013177512213587761,0.004120219498872757,-0.0722363144159317,0.032633960247039795
real,96,lower,0.9210782051086426,0.0022236001677811146,0.009168056771159172,-0.003322199685499072,0.001304590841755271,0.008387401700019836,0.003863181220367551,-0.003322199685499072,0.004473368637263775,0.005572076886892319,0.02172047272324562,0.012003139592707157,-0.0722363144159317,0.032633960247039795
real,97,lower,0.9472910165786743,0.0012569999089464545,0.007006023544818163,-0.00204585213214159,0.004139065742492676,0.007403387222439051,0.005108731333166361,-0.00204585213214159,0.01419262308627367,0.014339318498969078,0.02350587025284767,0.01849229447543621,-0.0722363144159317,0.032633960247039795
real,98,lower,0.9736078381538391,-0.00010520005889702588,0.004378467798233032,0.002310914220288396,0.008288823999464512,0.016386251896619797,0.012623045593500137,0.002310914220288396,0.028421908617019653,0.02851570025086403,0.052390206605196,0.04335382208228111,-0.0722363144159317,0.032633960247039795
real,99,lower,1.0,-0.0018895998364314437,0.0018549382220953703,7.340572483371943e-05,0.016789201647043228,0.0327950045466423,0.023672614246606827,7.340572483371943e-05,0.0575692243874073,0.05756927281618118,0.10883665084838867,0.08223839104175568,-0.0722363144159317,0.032633960247039795
